second,Volt
-55.6000E-06,-2.032E+00
-55.5000E-06,-2.016E+00
-55.4000E-06,-1.970E+00
-55.3000E-06,-2.001E+00
-55.2000E-06,-2.001E+00
-55.1000E-06,-2.016E+00
-55.0000E-06,-1.970E+00
-54.9000E-06,-2.001E+00
-54.8000E-06,-2.032E+00
-54.7000E-06,-2.016E+00
-54.6000E-06,-2.001E+00
-54.5000E-06,-2.016E+00
-54.4000E-06,-2.016E+00
-54.3000E-06,-2.001E+00
-54.2000E-06,-2.032E+00
-54.1000E-06,-1.985E+00
-54.0000E-06,-2.001E+00
-53.9000E-06,-2.016E+00
-53.8000E-06,-2.001E+00
-53.7000E-06,-2.001E+00
-53.6000E-06,-2.001E+00
-53.5000E-06,-2.001E+00
-53.4000E-06,-1.985E+00
-53.3000E-06,-2.001E+00
-53.2000E-06,-2.016E+00
-53.1000E-06,-2.016E+00
-53.0000E-06,-2.032E+00
-52.9000E-06,-1.985E+00
-52.8000E-06,-1.985E+00
-52.7000E-06,-2.001E+00
-52.6000E-06,-1.985E+00
-52.5000E-06,-2.016E+00
-52.4000E-06,-2.016E+00
-52.3000E-06,-1.985E+00
-52.2000E-06,-2.016E+00
-52.1000E-06,-1.985E+00
-52.0000E-06,-2.016E+00
-51.9000E-06,-2.016E+00
-51.8000E-06,-2.016E+00
-51.7000E-06,-2.001E+00
-51.6000E-06,-2.001E+00
-51.5000E-06,-1.970E+00
-51.4000E-06,-2.001E+00
-51.3000E-06,-1.985E+00
-51.2000E-06,-2.016E+00
-51.1000E-06,-2.048E+00
-51.0000E-06,-2.016E+00
-50.9000E-06,-1.985E+00
-50.8000E-06,-2.001E+00
-50.7000E-06,-2.016E+00
-50.6000E-06,-2.001E+00
-50.5000E-06,-1.985E+00
-50.4000E-06,-1.985E+00
-50.3000E-06,-2.016E+00
-50.2000E-06,-2.001E+00
-50.1000E-06,-2.016E+00
-50.0000E-06,-2.016E+00
-49.9000E-06,-2.001E+00
-49.8000E-06,-1.985E+00
-49.7000E-06,-2.016E+00
-49.6000E-06,-2.001E+00
-49.5000E-06,-2.016E+00
-49.4000E-06,-1.985E+00
-49.3000E-06,-2.001E+00
-49.2000E-06,-2.001E+00
-49.1000E-06,-2.001E+00
-49.0000E-06,-1.985E+00
-48.9000E-06,-1.985E+00
-48.8000E-06,-2.016E+00
-48.7000E-06,-2.001E+00
-48.6000E-06,-2.001E+00
-48.5000E-06,-1.985E+00
-48.4000E-06,-2.063E+00
-48.3000E-06,-2.032E+00
-48.2000E-06,-2.001E+00
-48.1000E-06,-2.016E+00
-48.0000E-06,-2.001E+00
-47.9000E-06,-2.016E+00
-47.8000E-06,-2.016E+00
-47.7000E-06,-2.001E+00
-47.6000E-06,-1.970E+00
-47.5000E-06,-2.001E+00
-47.4000E-06,-2.001E+00
-47.3000E-06,-2.001E+00
-47.2000E-06,-2.016E+00
-47.1000E-06,-1.985E+00
-47.0000E-06,-2.016E+00
-46.9000E-06,-1.954E+00
-46.8000E-06,-2.001E+00
-46.7000E-06,-2.001E+00
-46.6000E-06,-2.032E+00
-46.5000E-06,-1.970E+00
-46.4000E-06,-2.016E+00
-46.3000E-06,-2.048E+00
-46.2000E-06,-2.016E+00
-46.1000E-06,-1.985E+00
-46.0000E-06,-2.016E+00
-45.9000E-06,-2.016E+00
-45.8000E-06,-1.985E+00
-45.7000E-06,-1.954E+00
-45.6000E-06,-2.016E+00
-45.5000E-06,-2.048E+00
-45.4000E-06,-2.001E+00
-45.3000E-06,-1.985E+00
-45.2000E-06,-2.001E+00
-45.1000E-06,-2.001E+00
-45.0000E-06,-2.001E+00
-44.9000E-06,-2.001E+00
-44.8000E-06,-2.001E+00
-44.7000E-06,-2.001E+00
-44.6000E-06,-2.048E+00
-44.5000E-06,-1.985E+00
-44.4000E-06,-1.923E+00
-44.3000E-06,-1.954E+00
-44.2000E-06,-1.970E+00
-44.1000E-06,-1.985E+00
-44.0000E-06,-1.954E+00
-43.9000E-06,-2.016E+00
-43.8000E-06,-1.985E+00
-43.7000E-06,-2.016E+00
-43.6000E-06,-1.985E+00
-43.5000E-06,-2.001E+00
-43.4000E-06,-1.985E+00
-43.3000E-06,-2.001E+00
-43.2000E-06,-2.001E+00
-43.1000E-06,-2.016E+00
-43.0000E-06,-2.001E+00
-42.9000E-06,-2.001E+00
-42.8000E-06,-2.048E+00
-42.7000E-06,-1.985E+00
-42.6000E-06,-1.985E+00
-42.5000E-06,-1.985E+00
-42.4000E-06,-2.001E+00
-42.3000E-06,-2.001E+00
-42.2000E-06,-1.985E+00
-42.1000E-06,-1.985E+00
-42.0000E-06,-2.001E+00
-41.9000E-06,-1.970E+00
-41.8000E-06,-2.016E+00
-41.7000E-06,-2.001E+00
-41.6000E-06,-1.970E+00
-41.5000E-06,-2.016E+00
-41.4000E-06,-2.001E+00
-41.3000E-06,-2.016E+00
-41.2000E-06,-1.985E+00
-41.1000E-06,-2.001E+00
-41.0000E-06,-2.001E+00
-40.9000E-06,-1.985E+00
-40.8000E-06,-1.970E+00
-40.7000E-06,-2.016E+00
-40.6000E-06,-2.001E+00
-40.5000E-06,-1.985E+00
-40.4000E-06,-2.001E+00
-40.3000E-06,-1.985E+00
-40.2000E-06,-2.001E+00
-40.1000E-06,-2.016E+00
-40.0000E-06,-2.001E+00
-39.9000E-06,-2.048E+00
-39.8000E-06,-2.001E+00
-39.7000E-06,-1.985E+00
-39.6000E-06,-2.001E+00
-39.5000E-06,-2.001E+00
-39.4000E-06,-2.016E+00
-39.3000E-06,-2.001E+00
-39.2000E-06,-1.985E+00
-39.1000E-06,-1.985E+00
-39.0000E-06,-1.985E+00
-38.9000E-06,-1.985E+00
-38.8000E-06,-1.985E+00
-38.7000E-06,-1.985E+00
-38.6000E-06,-2.001E+00
-38.5000E-06,-2.001E+00
-38.4000E-06,-2.016E+00
-38.3000E-06,-1.985E+00
-38.2000E-06,-1.985E+00
-38.1000E-06,-1.985E+00
-38.0000E-06,-1.985E+00
-37.9000E-06,-2.032E+00
-37.8000E-06,-2.016E+00
-37.7000E-06,-1.938E+00
-37.6000E-06,-2.016E+00
-37.5000E-06,-1.985E+00
-37.4000E-06,-2.032E+00
-37.3000E-06,-2.032E+00
-37.2000E-06,-2.016E+00
-37.1000E-06,-2.001E+00
-37.0000E-06,-1.985E+00
-36.9000E-06,-1.970E+00
-36.8000E-06,-2.032E+00
-36.7000E-06,-1.985E+00
-36.6000E-06,-1.970E+00
-36.5000E-06,-2.001E+00
-36.4000E-06,-2.001E+00
-36.3000E-06,-2.016E+00
-36.2000E-06,-2.001E+00
-36.1000E-06,-2.016E+00
-36.0000E-06,-2.001E+00
-35.9000E-06,-2.001E+00
-35.8000E-06,-1.985E+00
-35.7000E-06,-2.001E+00
-35.6000E-06,-2.001E+00
-35.5000E-06,-1.985E+00
-35.4000E-06,-2.048E+00
-35.3000E-06,-1.985E+00
-35.2000E-06,-2.016E+00
-35.1000E-06,-1.985E+00
-35.0000E-06,-2.001E+00
-34.9000E-06,-2.001E+00
-34.8000E-06,-1.985E+00
-34.7000E-06,-2.001E+00
-34.6000E-06,-1.985E+00
-34.5000E-06,-1.985E+00
-34.4000E-06,-2.016E+00
-34.3000E-06,-2.001E+00
-34.2000E-06,-1.985E+00
-34.1000E-06,-1.985E+00
-34.0000E-06,-1.985E+00
-33.9000E-06,-1.985E+00
-33.8000E-06,-2.001E+00
-33.7000E-06,-1.985E+00
-33.6000E-06,-1.985E+00
-33.5000E-06,-1.938E+00
-33.4000E-06,-1.985E+00
-33.3000E-06,-1.985E+00
-33.2000E-06,-2.001E+00
-33.1000E-06,-2.001E+00
-33.0000E-06,-1.985E+00
-32.9000E-06,-2.001E+00
-32.8000E-06,-2.016E+00
-32.7000E-06,-2.001E+00
-32.6000E-06,-2.016E+00
-32.5000E-06,-2.001E+00
-32.4000E-06,-2.001E+00
-32.3000E-06,-1.985E+00
-32.2000E-06,-2.001E+00
-32.1000E-06,-1.970E+00
-32.0000E-06,-2.048E+00
-31.9000E-06,-2.016E+00
-31.8000E-06,-2.016E+00
-31.7000E-06,-2.001E+00
-31.6000E-06,-2.016E+00
-31.5000E-06,-2.001E+00
-31.4000E-06,-2.032E+00
-31.3000E-06,-2.016E+00
-31.2000E-06,-1.985E+00
-31.1000E-06,-1.985E+00
-31.0000E-06,-2.001E+00
-30.9000E-06,-2.032E+00
-30.8000E-06,-2.001E+00
-30.7000E-06,-2.001E+00
-30.6000E-06,-1.985E+00
-30.5000E-06,-2.016E+00
-30.4000E-06,-2.001E+00
-30.3000E-06,-2.016E+00
-30.2000E-06,-1.970E+00
-30.1000E-06,-2.001E+00
-30.0000E-06,-2.001E+00
-29.9000E-06,-1.985E+00
-29.8000E-06,-2.001E+00
-29.7000E-06,-2.001E+00
-29.6000E-06,-2.001E+00
-29.5000E-06,-2.001E+00
-29.4000E-06,-2.016E+00
-29.3000E-06,-2.032E+00
-29.2000E-06,-2.016E+00
-29.1000E-06,-2.001E+00
-29.0000E-06,-1.954E+00
-28.9000E-06,-2.016E+00
-28.8000E-06,-1.985E+00
-28.7000E-06,-1.985E+00
-28.6000E-06,-2.001E+00
-28.5000E-06,-1.985E+00
-28.4000E-06,-1.970E+00
-28.3000E-06,-1.985E+00
-28.2000E-06,-1.985E+00
-28.1000E-06,-2.032E+00
-28.0000E-06,-2.001E+00
-27.9000E-06,-1.970E+00
-27.8000E-06,-2.001E+00
-27.7000E-06,-1.985E+00
-27.6000E-06,-1.985E+00
-27.5000E-06,-1.970E+00
-27.4000E-06,-2.001E+00
-27.3000E-06,-1.985E+00
-27.2000E-06,-1.985E+00
-27.1000E-06,-2.016E+00
-27.0000E-06,-2.001E+00
-26.9000E-06,-2.016E+00
-26.8000E-06,-1.985E+00
-26.7000E-06,-2.032E+00
-26.6000E-06,-2.001E+00
-26.5000E-06,-1.985E+00
-26.4000E-06,-1.970E+00
-26.3000E-06,-2.001E+00
-26.2000E-06,-1.985E+00
-26.1000E-06,-2.016E+00
-26.0000E-06,-1.985E+00
-25.9000E-06,-2.001E+00
-25.8000E-06,-2.001E+00
-25.7000E-06,-2.001E+00
-25.6000E-06,-2.001E+00
-25.5000E-06,-1.985E+00
-25.4000E-06,-2.016E+00
-25.3000E-06,-1.985E+00
-25.2000E-06,-1.985E+00
-25.1000E-06,-2.001E+00
-25.0000E-06,-2.001E+00
-24.9000E-06,-2.032E+00
-24.8000E-06,-1.985E+00
-24.7000E-06,-2.001E+00
-24.6000E-06,-2.001E+00
-24.5000E-06,-2.016E+00
-24.4000E-06,-1.985E+00
-24.3000E-06,-2.016E+00
-24.2000E-06,-2.095E+00
-24.1000E-06,-2.032E+00
-24.0000E-06,-1.970E+00
-23.9000E-06,-2.016E+00
-23.8000E-06,-2.001E+00
-23.7000E-06,-2.001E+00
-23.6000E-06,-2.001E+00
-23.5000E-06,-2.016E+00
-23.4000E-06,-2.001E+00
-23.3000E-06,-2.032E+00
-23.2000E-06,-2.016E+00
-23.1000E-06,-2.016E+00
-23.0000E-06,-2.016E+00
-22.9000E-06,-1.985E+00
-22.8000E-06,-2.016E+00
-22.7000E-06,-2.016E+00
-22.6000E-06,-1.985E+00
-22.5000E-06,-1.985E+00
-22.4000E-06,-1.970E+00
-22.3000E-06,-2.001E+00
-22.2000E-06,-2.001E+00
-22.1000E-06,-2.001E+00
-22.0000E-06,-2.001E+00
-21.9000E-06,-2.001E+00
-21.8000E-06,-1.985E+00
-21.7000E-06,-1.985E+00
-21.6000E-06,-2.001E+00
-21.5000E-06,-1.985E+00
-21.4000E-06,-1.970E+00
-21.3000E-06,-2.001E+00
-21.2000E-06,-1.970E+00
-21.1000E-06,-2.001E+00
-21.0000E-06,-1.985E+00
-20.9000E-06,-1.970E+00
-20.8000E-06,-1.985E+00
-20.7000E-06,-1.970E+00
-20.6000E-06,-2.001E+00
-20.5000E-06,-1.985E+00
-20.4000E-06,-2.001E+00
-20.3000E-06,-1.985E+00
-20.2000E-06,-2.001E+00
-20.1000E-06,-2.016E+00
-20.0000E-06,-2.079E+00
-19.9000E-06,-2.001E+00
-19.8000E-06,-2.001E+00
-19.7000E-06,-2.001E+00
-19.6000E-06,-2.032E+00
-19.5000E-06,-1.985E+00
-19.4000E-06,-2.032E+00
-19.3000E-06,-2.001E+00
-19.2000E-06,-1.985E+00
-19.1000E-06,-2.001E+00
-19.0000E-06,-2.001E+00
-18.9000E-06,-2.001E+00
-18.8000E-06,-1.985E+00
-18.7000E-06,-1.985E+00
-18.6000E-06,-2.001E+00
-18.5000E-06,-1.985E+00
-18.4000E-06,-2.016E+00
-18.3000E-06,-2.001E+00
-18.2000E-06,-2.001E+00
-18.1000E-06,-2.032E+00
-18.0000E-06,-2.001E+00
-17.9000E-06,-2.001E+00
-17.8000E-06,-2.001E+00
-17.7000E-06,-2.032E+00
-17.6000E-06,-2.001E+00
-17.5000E-06,-2.001E+00
-17.4000E-06,-2.063E+00
-17.3000E-06,-2.001E+00
-17.2000E-06,-1.954E+00
-17.1000E-06,-2.001E+00
-17.0000E-06,-1.923E+00
-16.9000E-06,-2.001E+00
-16.8000E-06,-2.001E+00
-16.7000E-06,-2.048E+00
-16.6000E-06,-2.016E+00
-16.5000E-06,-1.985E+00
-16.4000E-06,-1.954E+00
-16.3000E-06,-1.985E+00
-16.2000E-06,-2.001E+00
-16.1000E-06,-1.985E+00
-16.0000E-06,-1.985E+00
-15.9000E-06,-2.016E+00
-15.8000E-06,-1.970E+00
-15.7000E-06,-1.985E+00
-15.6000E-06,-1.985E+00
-15.5000E-06,-2.016E+00
-15.4000E-06,-2.001E+00
-15.3000E-06,-1.985E+00
-15.2000E-06,-2.001E+00
-15.1000E-06,-2.016E+00
-15.0000E-06,-1.985E+00
-14.9000E-06,-2.001E+00
-14.8000E-06,-1.985E+00
-14.7000E-06,-2.001E+00
-14.6000E-06,-2.016E+00
-14.5000E-06,-2.016E+00
-14.4000E-06,-2.001E+00
-14.3000E-06,-1.985E+00
-14.2000E-06,-1.985E+00
-14.1000E-06,-2.016E+00
-14.0000E-06,-2.001E+00
-13.9000E-06,-2.001E+00
-13.8000E-06,-1.985E+00
-13.7000E-06,-2.032E+00
-13.6000E-06,-2.001E+00
-13.5000E-06,-2.001E+00
-13.4000E-06,-1.985E+00
-13.3000E-06,-1.970E+00
-13.2000E-06,-1.970E+00
-13.1000E-06,-1.985E+00
-13.0000E-06,-1.954E+00
-12.9000E-06,-1.985E+00
-12.8000E-06,-2.016E+00
-12.7000E-06,-1.954E+00
-12.6000E-06,-1.985E+00
-12.5000E-06,-1.970E+00
-12.4000E-06,-2.016E+00
-12.3000E-06,-2.016E+00
-12.2000E-06,-1.985E+00
-12.1000E-06,-2.001E+00
-12.0000E-06,-2.016E+00
-11.9000E-06,-1.985E+00
-11.8000E-06,-2.001E+00
-11.7000E-06,-2.001E+00
-11.6000E-06,-1.985E+00
-11.5000E-06,-2.001E+00
-11.4000E-06,-1.970E+00
-11.3000E-06,-1.970E+00
-11.2000E-06,-2.001E+00
-11.1000E-06,-2.048E+00
-11.0000E-06,-2.016E+00
-10.9000E-06,-2.001E+00
-10.8000E-06,-2.001E+00
-10.7000E-06,-1.985E+00
-10.6000E-06,-2.001E+00
-10.5000E-06,-2.001E+00
-10.4000E-06,-1.938E+00
-10.3000E-06,-1.985E+00
-10.2000E-06,-2.001E+00
-10.1000E-06,-1.985E+00
-10.000E-06,-2.032E+00
-9.9000E-06,-1.985E+00
-9.8000E-06,-2.016E+00
-9.7000E-06,-2.016E+00
-9.6000E-06,-2.016E+00
-9.5000E-06,-2.032E+00
-9.4000E-06,-2.001E+00
-9.3000E-06,-1.970E+00
-9.2000E-06,-1.985E+00
-9.1000E-06,-2.001E+00
-9.0000E-06,-2.001E+00
-8.9000E-06,-1.970E+00
-8.8000E-06,-2.001E+00
-8.7000E-06,-2.048E+00
-8.6000E-06,-2.016E+00
-8.5000E-06,-2.016E+00
-8.4000E-06,-2.032E+00
-8.3000E-06,-2.001E+00
-8.2000E-06,-2.001E+00
-8.1000E-06,-2.001E+00
-8.0000E-06,-2.001E+00
-7.9000E-06,-2.001E+00
-7.8000E-06,-2.032E+00
-7.7000E-06,-2.016E+00
-7.6000E-06,-2.001E+00
-7.5000E-06,-2.798E+00
-7.4000E-06,-2.016E+00
-7.3000E-06,-2.001E+00
-7.2000E-06,-1.970E+00
-7.1000E-06,-1.985E+00
-7.0000E-06,-1.985E+00
-6.9000E-06,-1.970E+00
-6.8000E-06,-1.985E+00
-6.7000E-06,-1.970E+00
-6.6000E-06,-1.970E+00
-6.5000E-06,-2.016E+00
-6.4000E-06,-2.048E+00
-6.3000E-06,-2.126E+00
-6.2000E-06,-1.954E+00
-6.1000E-06,-1.985E+00
-6.0000E-06,-1.970E+00
-5.9000E-06,-1.970E+00
-5.8000E-06,-1.970E+00
-5.7000E-06,-1.954E+00
-5.6000E-06,-1.970E+00
-5.5000E-06,-1.985E+00
-5.4000E-06,-2.016E+00
-5.3000E-06,-1.985E+00
-5.2000E-06,-1.970E+00
-5.1000E-06,-1.985E+00
-5.0000E-06,-1.985E+00
-4.9000E-06,-2.001E+00
-4.8000E-06,-2.032E+00
-4.7000E-06,-2.016E+00
-4.6000E-06,-2.001E+00
-4.5000E-06,-2.001E+00
-4.4000E-06,-2.016E+00
-4.3000E-06,-2.016E+00
-4.2000E-06,-2.032E+00
-4.1000E-06,-1.970E+00
-4.0000E-06,-1.970E+00
-3.9000E-06,-2.001E+00
-3.8000E-06,-2.016E+00
-3.7000E-06,-2.001E+00
-3.6000E-06,-1.970E+00
-3.5000E-06,-2.016E+00
-3.4000E-06,-2.016E+00
-3.3000E-06,-2.016E+00
-3.2000E-06,-2.048E+00
-3.1000E-06,-1.985E+00
-3.0000E-06,-1.985E+00
-2.9000E-06,-2.016E+00
-2.8000E-06,-2.048E+00
-2.7000E-06,-1.970E+00
-2.6000E-06,-1.970E+00
-2.5000E-06,-2.016E+00
-2.4000E-06,-2.016E+00
-2.3000E-06,-1.970E+00
-2.2000E-06,-1.970E+00
-2.1000E-06,-2.016E+00
-2.0000E-06,-1.938E+00
-1.9000E-06,-2.001E+00
-1.8000E-06,-1.970E+00
-1.7000E-06,-2.016E+00
-1.6000E-06,-2.016E+00
-1.5000E-06,-2.016E+00
-1.4000E-06,-2.032E+00
-1.3000E-06,-2.032E+00
-1.2000E-06,-2.001E+00
-1.1000E-06,-1.985E+00
-1.000E-06,-1.970E+00
-900.0E-09,-1.985E+00
-800.0E-09,-1.985E+00
-700.0E-09,-2.048E+00
-600.0E-09,-1.673E+00
-500.0E-09,-2.579E+00
-400.0E-09,-1.016E+00
-300.0E-09,-2.626E+00
-200.0E-09,-1.079E+00
-100E-09,-3.188E+00
+0.0E+00,-2.157E+00
+100.0E-09,-3.235E+00
+200.0E-09,-2.891E+00
+300.0E-09,-1.938E+00
+400.0E-09,-3.345E+00
+500.0E-09,-1.141E+00
+600.0E-09,-1.938E+00
+700.0E-09,-2.313E+00
+800.0E-09,-1.641E+00
+900.0E-09,-2.313E+00
+1.0000E-06,-1.548E+00
+1.1000E-06,-3.032E+00
+1.2000E-06,-1.345E+00
+1.3000E-06,-2.860E+00
+1.4000E-06,-860E-03
+1.5000E-06,-2.485E+00
+1.6000E-06,-2.173E+00
+1.7000E-06,-2.798E+00
+1.8000E-06,-1.735E+00
+1.9000E-06,-2.391E+00
+2.0000E-06,-891E-03
+2.1000E-06,-3.048E+00
+2.2000E-06,-704E-03
+2.3000E-06,-3.298E+00
+2.4000E-06,-2.204E+00
+2.5000E-06,-3.063E+00
+2.6000E-06,-954E-03
+2.7000E-06,-3.407E+00
+2.8000E-06,-985E-03
+2.9000E-06,-3.220E+00
+3.0000E-06,-610E-03
+3.1000E-06,-3.423E+00
+3.2000E-06,-1.235E+00
+3.3000E-06,-2.829E+00
+3.4000E-06,-688E-03
+3.5000E-06,-1.266E+00
+3.6000E-06,-907E-03
+3.7000E-06,-1.407E+00
+3.8000E-06,-2.141E+00
+3.9000E-06,-970E-03
+4.0000E-06,-3.001E+00
+4.1000E-06,-1.579E+00
+4.2000E-06,-2.423E+00
+4.3000E-06,-1.610E+00
+4.4000E-06,-1.032E+00
+4.5000E-06,-954E-03
+4.6000E-06,-2.720E+00
+4.7000E-06,-985E-03
+4.8000E-06,-3.141E+00
+4.9000E-06,-1.720E+00
+5.0000E-06,-1.563E+00
+5.1000E-06,-1.657E+00
+5.2000E-06,-1.391E+00
+5.3000E-06,-1.438E+00
+5.4000E-06,-2.673E+00
+5.5000E-06,-485E-03
+5.6000E-06,-3.157E+00
+5.7000E-06,-673E-03
+5.8000E-06,-2.704E+00
+5.9000E-06,-1.501E+00
+6.0000E-06,-3.907E+00
+6.1000E-06,-313E-03
+6.2000E-06,-2.110E+00
+6.3000E-06,-157E-03
+6.4000E-06,-3.704E+00
+6.5000E-06,-923E-03
+6.6000E-06,-141E-03
+6.7000E-06,-204E-03
+6.8000E-06,-3.923E+00
+6.9000E-06,-438E-03
+7.0000E-06,-657E-03
+7.1000E-06,-2.157E+00
+7.2000E-06,-329E-03
+7.3000E-06,-3.829E+00
+7.4000E-06,-688E-03
+7.5000E-06,-3.282E+00
+7.6000E-06,-282E-03
+7.7000E-06,-2.110E+00
+7.8000E-06,-1.173E+00
+7.9000E-06,-2.798E+00
+8.0000E-06,-438E-03
+8.1000E-06,-2.766E+00
+8.2000E-06,-298E-03
+8.3000E-06,-3.282E+00
+8.4000E-06,-688E-03
+8.5000E-06,-3.251E+00
+8.6000E-06,-470E-03
+8.7000E-06,-3.563E+00
+8.8000E-06,-470E-03
+8.9000E-06,-3.673E+00
+9.0000E-06,-1.985E+00
+9.1000E-06,-3.891E+00
+9.2000E-06,-501E-03
+9.3000E-06,-3.423E+00
+9.4000E-06,-2.001E+00
+9.5000E-06,-3.548E+00
+9.6000E-06,-1.345E+00
+9.7000E-06,-1.048E+00
+9.8000E-06,-141E-03
+9.9000E-06,-3.188E+00
+10.0000E-06,-1.485E+00
+10.1000E-06,-2.829E+00
+10.2000E-06,-3.907E+00
+10.3000E-06,-2.188E+00
+10.4000E-06,-3.766E+00
+10.5000E-06,-1.813E+00
+10.6000E-06,-2.813E+00
+10.7000E-06,-1.485E+00
+10.8000E-06,-2.626E+00
+10.9000E-06,-298E-03
+11.0000E-06,-2.079E+00
+11.1000E-06,-2.516E+00
+11.2000E-06,-1.516E+00
+11.3000E-06,-907E-03
+11.4000E-06,-2.626E+00
+11.5000E-06,-407E-03
+11.6000E-06,-3.548E+00
+11.7000E-06,-1.454E+00
+11.8000E-06,-3.360E+00
+11.9000E-06,-485E-03
+12.0000E-06,-2.923E+00
+12.1000E-06,-641E-03
+12.2000E-06,-2.016E+00
+12.3000E-06,-860E-03
+12.4000E-06,-3.626E+00
+12.5000E-06,-923E-03
+12.6000E-06,-2.891E+00
+12.7000E-06,-1.032E+00
+12.8000E-06,-3.766E+00
+12.9000E-06,-141E-03
+13.0000E-06,-2.766E+00
+13.1000E-06,-610E-03
+13.2000E-06,-923E-03
+13.3000E-06,-2.266E+00
+13.4000E-06,-391E-03
+13.5000E-06,-1.891E+00
+13.6000E-06,-2.141E+00
+13.7000E-06,-1.813E+00
+13.8000E-06,-1.032E+00
+13.9000E-06,-2.470E+00
+14.0000E-06,-1.141E+00
+14.1000E-06,-3.126E+00
+14.2000E-06,-485E-03
+14.3000E-06,-3.438E+00
+14.4000E-06,-1.954E+00
+14.5000E-06,-2.360E+00
+14.6000E-06,-673E-03
+14.7000E-06,-3.298E+00
+14.8000E-06,-1.048E+00
+14.9000E-06,-3.016E+00
+15.0000E-06,-1.110E+00
+15.1000E-06,-2.813E+00
+15.2000E-06,-1.470E+00
+15.3000E-06,-3.110E+00
+15.4000E-06,-1.516E+00
+15.5000E-06,-2.735E+00
+15.6000E-06,-2.329E+00
+15.7000E-06,-3.032E+00
+15.8000E-06,-1.016E+00
+15.9000E-06,-2.579E+00
+16.0000E-06,-2.360E+00
+16.1000E-06,-2.673E+00
+16.2000E-06,-1.454E+00
+16.3000E-06,-2.095E+00
+16.4000E-06,-1.235E+00
+16.5000E-06,-1.829E+00
+16.6000E-06,-1.626E+00
+16.7000E-06,-1.813E+00
+16.8000E-06,-2.782E+00
+16.9000E-06,-1.423E+00
+17.0000E-06,-2.657E+00
+17.1000E-06,-1.766E+00
+17.2000E-06,-2.016E+00
+17.3000E-06,-1.282E+00
+17.4000E-06,-1.470E+00
+17.5000E-06,-1.391E+00
+17.6000E-06,-1.532E+00
+17.7000E-06,-1.329E+00
+17.8000E-06,-2.298E+00
+17.9000E-06,-2.251E+00
+18.0000E-06,-2.548E+00
+18.1000E-06,-1.641E+00
+18.2000E-06,-2.501E+00
+18.3000E-06,-1.485E+00
+18.4000E-06,-2.485E+00
+18.5000E-06,-1.470E+00
+18.6000E-06,-2.438E+00
+18.7000E-06,-1.563E+00
+18.8000E-06,-2.345E+00
+18.9000E-06,-1.657E+00
+19.0000E-06,-2.438E+00
+19.1000E-06,-1.657E+00
+19.2000E-06,-2.376E+00
+19.3000E-06,-1.595E+00
+19.4000E-06,-2.360E+00
+19.5000E-06,-1.782E+00
+19.6000E-06,-2.235E+00
+19.7000E-06,-1.657E+00
+19.8000E-06,-1.891E+00
+19.9000E-06,-2.095E+00
+20.0000E-06,-2.095E+00
+20.1000E-06,-2.079E+00
+20.2000E-06,-1.876E+00
+20.3000E-06,-2.141E+00
+20.4000E-06,-2.157E+00
+20.5000E-06,-2.204E+00
+20.6000E-06,-1.845E+00
+20.7000E-06,-1.954E+00
+20.8000E-06,-1.891E+00
+20.9000E-06,-2.032E+00
+21.0000E-06,-1.766E+00
+21.1000E-06,-2.204E+00
+21.2000E-06,-1.751E+00
+21.3000E-06,-2.001E+00
+21.4000E-06,-1.798E+00
+21.5000E-06,-2.204E+00
+21.6000E-06,-1.845E+00
+21.7000E-06,-2.157E+00
+21.8000E-06,-1.907E+00
+21.9000E-06,-2.157E+00
+22.0000E-06,-1.798E+00
+22.1000E-06,-2.095E+00
+22.2000E-06,-1.766E+00
+22.3000E-06,-2.173E+00
+22.4000E-06,-1.766E+00
+22.5000E-06,-2.126E+00
+22.6000E-06,-2.095E+00
+22.7000E-06,-2.376E+00
+22.8000E-06,-1.610E+00
+22.9000E-06,-1.688E+00
+23.0000E-06,-1.907E+00
+23.1000E-06,-2.438E+00
+23.2000E-06,-1.626E+00
+23.3000E-06,-2.188E+00
+23.4000E-06,-2.329E+00
+23.5000E-06,-2.173E+00
+23.6000E-06,-1.891E+00
+23.7000E-06,-1.798E+00
+23.8000E-06,-2.173E+00
+23.9000E-06,-2.048E+00
+24.0000E-06,-1.923E+00
+24.1000E-06,-2.048E+00
+24.2000E-06,-2.079E+00
+24.3000E-06,-1.985E+00
+24.4000E-06,-2.001E+00
+24.5000E-06,-1.954E+00
+24.6000E-06,-1.938E+00
+24.7000E-06,-2.001E+00
+24.8000E-06,-1.891E+00
+24.9000E-06,-2.110E+00
+25.0000E-06,-1.907E+00
+25.1000E-06,-2.110E+00
+25.2000E-06,-2.032E+00
+25.3000E-06,-2.063E+00
+25.4000E-06,-2.032E+00
+25.5000E-06,-2.016E+00
+25.6000E-06,-2.063E+00
+25.7000E-06,-2.001E+00
+25.8000E-06,-2.063E+00
+25.9000E-06,-1.923E+00
+26.0000E-06,-2.173E+00
+26.1000E-06,-1.860E+00
+26.2000E-06,-2.235E+00
+26.3000E-06,-2.001E+00
+26.4000E-06,-2.188E+00
+26.5000E-06,-1.782E+00
+26.6000E-06,-2.266E+00
+26.7000E-06,-1.798E+00
+26.8000E-06,-2.188E+00
+26.9000E-06,-1.735E+00
+27.0000E-06,-1.860E+00
+27.1000E-06,-1.891E+00
+27.2000E-06,-1.891E+00
+27.3000E-06,-1.798E+00
+27.4000E-06,-2.048E+00
+27.5000E-06,-1.923E+00
+27.6000E-06,-2.141E+00
+27.7000E-06,-1.923E+00
+27.8000E-06,-1.860E+00
+27.9000E-06,-2.048E+00
+28.0000E-06,-2.001E+00
+28.1000E-06,-2.016E+00
+28.2000E-06,-1.938E+00
+28.3000E-06,-2.095E+00
+28.4000E-06,-2.016E+00
+28.5000E-06,-2.126E+00
+28.6000E-06,-2.048E+00
+28.7000E-06,-2.110E+00
+28.8000E-06,-2.079E+00
+28.9000E-06,-2.110E+00
+29.0000E-06,-1.985E+00
+29.1000E-06,-2.188E+00
+29.2000E-06,-1.923E+00
+29.3000E-06,-2.032E+00
+29.4000E-06,-1.907E+00
+29.5000E-06,-1.813E+00
+29.6000E-06,-1.985E+00
+29.7000E-06,-1.954E+00
+29.8000E-06,-2.141E+00
+29.9000E-06,-2.313E+00
+30.0000E-06,-2.079E+00
+30.1000E-06,-1.845E+00
+30.2000E-06,-2.141E+00
+30.3000E-06,-1.876E+00
+30.4000E-06,-2.126E+00
+30.5000E-06,-2.001E+00
+30.6000E-06,-2.095E+00
+30.7000E-06,-1.970E+00
+30.8000E-06,-2.079E+00
+30.9000E-06,-1.923E+00
+31.0000E-06,-1.954E+00
+31.1000E-06,-2.048E+00
+31.2000E-06,-2.032E+00
+31.3000E-06,-2.016E+00
+31.4000E-06,-2.016E+00
+31.5000E-06,-2.063E+00
+31.6000E-06,-1.970E+00
+31.7000E-06,-2.048E+00
+31.8000E-06,-1.923E+00
+31.9000E-06,-2.095E+00
+32.0000E-06,-1.923E+00
+32.1000E-06,-2.048E+00
+32.2000E-06,-1.876E+00
+32.3000E-06,-2.126E+00
+32.4000E-06,-1.813E+00
+32.5000E-06,-2.063E+00
+32.6000E-06,-1.829E+00
+32.7000E-06,-2.126E+00
+32.8000E-06,-1.876E+00
+32.9000E-06,-2.173E+00
+33.0000E-06,-1.860E+00
+33.1000E-06,-2.173E+00
+33.2000E-06,-2.016E+00
+33.3000E-06,-1.923E+00
+33.4000E-06,-1.876E+00
+33.5000E-06,-2.110E+00
+33.6000E-06,-2.001E+00
+33.7000E-06,-2.126E+00
+33.8000E-06,-1.891E+00
+33.9000E-06,-2.188E+00
+34.0000E-06,-1.876E+00
+34.1000E-06,-2.141E+00
+34.2000E-06,-1.860E+00
+34.3000E-06,-2.220E+00
+34.4000E-06,-1.813E+00
+34.5000E-06,-1.954E+00
+34.6000E-06,-1.860E+00
+34.7000E-06,-2.141E+00
+34.8000E-06,-1.907E+00
+34.9000E-06,-2.110E+00
+35.0000E-06,-1.923E+00
+35.1000E-06,-2.126E+00
+35.2000E-06,-2.032E+00
+35.3000E-06,-2.079E+00
+35.4000E-06,-1.860E+00
+35.5000E-06,-2.016E+00
+35.6000E-06,-2.032E+00
+35.7000E-06,-1.876E+00
+35.8000E-06,-1.845E+00
+35.9000E-06,-1.891E+00
+36.0000E-06,-2.016E+00
+36.1000E-06,-1.907E+00
+36.2000E-06,-1.891E+00
+36.3000E-06,-1.829E+00
+36.4000E-06,-2.001E+00
+36.5000E-06,-1.860E+00
+36.6000E-06,-2.048E+00
+36.7000E-06,-1.985E+00
+36.8000E-06,-2.001E+00
+36.9000E-06,-1.907E+00
+37.0000E-06,-2.095E+00
+37.1000E-06,-1.907E+00
+37.2000E-06,-2.126E+00
+37.3000E-06,-1.876E+00
+37.4000E-06,-1.970E+00
+37.5000E-06,-1.954E+00
+37.6000E-06,-2.095E+00
+37.7000E-06,-1.970E+00
+37.8000E-06,-1.938E+00
+37.9000E-06,-1.985E+00
+38.0000E-06,-1.923E+00
+38.1000E-06,-2.063E+00
+38.2000E-06,-1.970E+00
+38.3000E-06,-1.970E+00
+38.4000E-06,-1.923E+00
+38.5000E-06,-2.001E+00
+38.6000E-06,-1.907E+00
+38.7000E-06,-2.063E+00
+38.8000E-06,-1.985E+00
+38.9000E-06,-2.063E+00
+39.0000E-06,-1.970E+00
+39.1000E-06,-2.079E+00
+39.2000E-06,-1.876E+00
+39.3000E-06,-2.032E+00
+39.4000E-06,-1.907E+00
+39.5000E-06,-2.079E+00
+39.6000E-06,-1.970E+00
+39.7000E-06,-2.048E+00
+39.8000E-06,-2.016E+00
+39.9000E-06,-2.016E+00
+40.0000E-06,-2.048E+00
+40.1000E-06,-2.079E+00
+40.2000E-06,-1.923E+00
+40.3000E-06,-2.063E+00
+40.4000E-06,-2.001E+00
+40.5000E-06,-2.110E+00
+40.6000E-06,-1.907E+00
+40.7000E-06,-2.110E+00
+40.8000E-06,-1.891E+00
+40.9000E-06,-2.048E+00
+41.0000E-06,-1.938E+00
+41.1000E-06,-2.079E+00
+41.2000E-06,-1.923E+00
+41.3000E-06,-1.985E+00
+41.4000E-06,-1.970E+00
+41.5000E-06,-1.985E+00
+41.6000E-06,-2.001E+00
+41.7000E-06,-1.985E+00
+41.8000E-06,-2.079E+00
+41.9000E-06,-1.891E+00
+42.0000E-06,-2.126E+00
+42.1000E-06,-1.923E+00
+42.2000E-06,-2.048E+00
+42.3000E-06,-1.923E+00
+42.4000E-06,-2.126E+00
+42.5000E-06,-2.016E+00
+42.6000E-06,-2.110E+00
+42.7000E-06,-1.938E+00
+42.8000E-06,-1.985E+00
+42.9000E-06,-1.954E+00
+43.0000E-06,-2.063E+00
+43.1000E-06,-2.001E+00
+43.2000E-06,-1.954E+00
+43.3000E-06,-2.001E+00
+43.4000E-06,-1.938E+00
+43.5000E-06,-2.016E+00
+43.6000E-06,-2.016E+00
+43.7000E-06,-2.048E+00
+43.8000E-06,-1.970E+00
+43.9000E-06,-2.032E+00
+44.0000E-06,-2.001E+00
+44.1000E-06,-1.970E+00
+44.2000E-06,-1.938E+00
+44.3000E-06,-1.954E+00
+44.4000E-06,-2.001E+00
+44.5000E-06,-1.985E+00
+44.6000E-06,-2.001E+00
+44.7000E-06,-2.063E+00
+44.8000E-06,-2.048E+00
+44.9000E-06,-1.938E+00
+45.0000E-06,-2.063E+00
+45.1000E-06,-2.079E+00
+45.2000E-06,-2.095E+00
+45.3000E-06,-1.970E+00
+45.4000E-06,-2.079E+00
+45.5000E-06,-1.907E+00
+45.6000E-06,-2.048E+00
+45.7000E-06,-1.907E+00
+45.8000E-06,-2.079E+00
+45.9000E-06,-1.938E+00
+46.0000E-06,-2.095E+00
+46.1000E-06,-1.938E+00
+46.2000E-06,-2.032E+00
+46.3000E-06,-2.126E+00
+46.4000E-06,-2.016E+00
+46.5000E-06,-1.813E+00
+46.6000E-06,-2.001E+00
+46.7000E-06,-2.157E+00
+46.8000E-06,-2.141E+00
+46.9000E-06,-1.891E+00
+47.0000E-06,-1.970E+00
+47.1000E-06,-2.188E+00
+47.2000E-06,-1.891E+00
+47.3000E-06,-2.063E+00
+47.4000E-06,-1.876E+00
+47.5000E-06,-2.079E+00
+47.6000E-06,-1.891E+00
+47.7000E-06,-2.110E+00
+47.8000E-06,-1.954E+00
+47.9000E-06,-2.048E+00
+48.0000E-06,-2.032E+00
+48.1000E-06,-1.985E+00
+48.2000E-06,-2.110E+00
+48.3000E-06,-2.032E+00
+48.4000E-06,-2.032E+00
+48.5000E-06,-2.016E+00
+48.6000E-06,-2.079E+00
+48.7000E-06,-1.907E+00
+48.8000E-06,-2.032E+00
+48.9000E-06,-1.891E+00
+49.0000E-06,-1.985E+00
+49.1000E-06,-1.923E+00
+49.2000E-06,-2.016E+00
+49.3000E-06,-1.970E+00
+49.4000E-06,-2.001E+00
+49.5000E-06,-1.985E+00
+49.6000E-06,-2.001E+00
+49.7000E-06,-2.016E+00
+49.8000E-06,-1.954E+00
+49.9000E-06,-2.001E+00
+50.0000E-06,-1.970E+00
+50.1000E-06,-2.063E+00
+50.2000E-06,-1.938E+00
+50.3000E-06,-2.079E+00
+50.4000E-06,-1.907E+00
+50.5000E-06,-2.110E+00
+50.6000E-06,-1.860E+00
+50.7000E-06,-2.001E+00
+50.8000E-06,-1.813E+00
+50.9000E-06,-1.954E+00
+51.0000E-06,-2.157E+00
+51.1000E-06,-1.813E+00
+51.2000E-06,-1.923E+00
+51.3000E-06,-1.813E+00
+51.4000E-06,-2.141E+00
+51.5000E-06,-1.907E+00
+51.6000E-06,-1.954E+00
+51.7000E-06,-1.938E+00
+51.8000E-06,-2.141E+00
+51.9000E-06,-1.860E+00
+52.0000E-06,-2.095E+00
+52.1000E-06,-2.001E+00
+52.2000E-06,-2.048E+00
+52.3000E-06,-1.891E+00
+52.4000E-06,-1.923E+00
+52.5000E-06,-1.954E+00
+52.6000E-06,-1.985E+00
+52.7000E-06,-2.048E+00
+52.8000E-06,-2.063E+00
+52.9000E-06,-2.001E+00
+53.0000E-06,-1.970E+00
+53.1000E-06,-1.923E+00
+53.2000E-06,-2.048E+00
+53.3000E-06,-2.063E+00
+53.4000E-06,-2.095E+00
+53.5000E-06,-1.907E+00
+53.6000E-06,-1.985E+00
+53.7000E-06,-1.923E+00
+53.8000E-06,-2.048E+00
+53.9000E-06,-1.923E+00
+54.0000E-06,-2.141E+00
+54.1000E-06,-1.891E+00
+54.2000E-06,-2.032E+00
+54.3000E-06,-1.907E+00
+54.4000E-06,-2.048E+00
+54.5000E-06,-1.985E+00
+54.6000E-06,-2.001E+00
+54.7000E-06,-2.016E+00
+54.8000E-06,-2.048E+00
+54.9000E-06,-1.954E+00
+55.0000E-06,-1.985E+00
+55.1000E-06,-1.923E+00
+55.2000E-06,-1.938E+00
+55.3000E-06,-1.876E+00
+55.4000E-06,-2.048E+00
+55.5000E-06,-2.032E+00
+55.6000E-06,-2.126E+00
+55.7000E-06,-1.923E+00
+55.8000E-06,-2.079E+00
+55.9000E-06,-2.095E+00
+56.0000E-06,-1.829E+00
+56.1000E-06,-1.954E+00
+56.2000E-06,-1.891E+00
+56.3000E-06,-2.141E+00
+56.4000E-06,-1.907E+00
+56.5000E-06,-2.016E+00
+56.6000E-06,-2.001E+00
+56.7000E-06,-2.063E+00
+56.8000E-06,-1.938E+00
+56.9000E-06,-2.032E+00
+57.0000E-06,-1.954E+00
+57.1000E-06,-2.016E+00
+57.2000E-06,-1.985E+00
+57.3000E-06,-2.016E+00
+57.4000E-06,-1.985E+00
+57.5000E-06,-1.970E+00
+57.6000E-06,-1.985E+00
+57.7000E-06,-2.001E+00
+57.8000E-06,-2.016E+00
+57.9000E-06,-1.985E+00
+58.0000E-06,-1.954E+00
+58.1000E-06,-1.985E+00
+58.2000E-06,-1.970E+00
+58.3000E-06,-2.016E+00
+58.4000E-06,-1.970E+00
+58.5000E-06,-1.954E+00
+58.6000E-06,-1.970E+00
+58.7000E-06,-2.001E+00
+58.8000E-06,-2.016E+00
+58.9000E-06,-1.985E+00
+59.0000E-06,-2.016E+00
+59.1000E-06,-1.970E+00
+59.2000E-06,-2.063E+00
+59.3000E-06,-1.985E+00
+59.4000E-06,-2.032E+00
+59.5000E-06,-1.970E+00
+59.6000E-06,-2.048E+00
+59.7000E-06,-2.016E+00
+59.8000E-06,-2.016E+00
+59.9000E-06,-2.032E+00
+60.0000E-06,-2.048E+00
+60.1000E-06,-2.032E+00
+60.2000E-06,-1.985E+00
+60.3000E-06,-2.032E+00
+60.4000E-06,-2.001E+00
+60.5000E-06,-2.001E+00
+60.6000E-06,-2.001E+00
+60.7000E-06,-2.032E+00
+60.8000E-06,-2.032E+00
+60.9000E-06,-1.938E+00
+61.0000E-06,-1.923E+00
+61.1000E-06,-2.016E+00
+61.2000E-06,-2.016E+00
+61.3000E-06,-2.032E+00
+61.4000E-06,-1.985E+00
+61.5000E-06,-2.001E+00
+61.6000E-06,-1.954E+00
+61.7000E-06,-2.001E+00
+61.8000E-06,-2.016E+00
+61.9000E-06,-2.001E+00
+62.0000E-06,-1.985E+00
+62.1000E-06,-1.985E+00
+62.2000E-06,-1.970E+00
+62.3000E-06,-2.016E+00
+62.4000E-06,-2.032E+00
+62.5000E-06,-1.891E+00
+62.6000E-06,-2.032E+00
+62.7000E-06,-1.954E+00
+62.8000E-06,-1.985E+00
+62.9000E-06,-2.032E+00
+63.0000E-06,-1.938E+00
+63.1000E-06,-2.001E+00
+63.2000E-06,-1.938E+00
+63.3000E-06,-2.079E+00
+63.4000E-06,-1.923E+00
+63.5000E-06,-2.001E+00
+63.6000E-06,-1.923E+00
+63.7000E-06,-2.016E+00
+63.8000E-06,-1.938E+00
+63.9000E-06,-2.063E+00
+64.0000E-06,-1.970E+00
+64.1000E-06,-2.001E+00
+64.2000E-06,-2.063E+00
+64.3000E-06,-1.923E+00
+64.4000E-06,-2.032E+00
+64.5000E-06,-1.891E+00
+64.6000E-06,-1.970E+00
+64.7000E-06,-2.016E+00
+64.8000E-06,-1.970E+00
+64.9000E-06,-1.985E+00
+65.0000E-06,-2.048E+00
+65.1000E-06,-2.079E+00
+65.2000E-06,-2.016E+00
+65.3000E-06,-2.032E+00
+65.4000E-06,-1.938E+00
+65.5000E-06,-1.970E+00
+65.6000E-06,-1.985E+00
+65.7000E-06,-2.001E+00
+65.8000E-06,-1.985E+00
+65.9000E-06,-1.970E+00
+66.0000E-06,-2.016E+00
+66.1000E-06,-1.938E+00
+66.2000E-06,-1.954E+00
+66.3000E-06,-1.938E+00
+66.4000E-06,-2.032E+00
+66.5000E-06,-1.923E+00
+66.6000E-06,-2.032E+00
+66.7000E-06,-1.970E+00
+66.8000E-06,-2.001E+00
+66.9000E-06,-1.954E+00
+67.0000E-06,-2.016E+00
+67.1000E-06,-2.001E+00
+67.2000E-06,-2.032E+00
+67.3000E-06,-1.985E+00
+67.4000E-06,-1.985E+00
+67.5000E-06,-1.954E+00
+67.6000E-06,-2.016E+00
+67.7000E-06,-1.954E+00
+67.8000E-06,-2.032E+00
+67.9000E-06,-1.970E+00
+68.0000E-06,-2.032E+00
+68.1000E-06,-1.970E+00
+68.2000E-06,-2.032E+00
+68.3000E-06,-2.016E+00
+68.4000E-06,-1.985E+00
+68.5000E-06,-1.970E+00
+68.6000E-06,-2.016E+00
+68.7000E-06,-1.954E+00
+68.8000E-06,-2.032E+00
+68.9000E-06,-1.923E+00
+69.0000E-06,-2.063E+00
+69.1000E-06,-2.063E+00
+69.2000E-06,-1.954E+00
+69.3000E-06,-1.970E+00
+69.4000E-06,-2.079E+00
+69.5000E-06,-1.876E+00
+69.6000E-06,-1.985E+00
+69.7000E-06,-1.954E+00
+69.8000E-06,-1.970E+00
+69.9000E-06,-2.016E+00
+70.0000E-06,-1.954E+00
+70.1000E-06,-2.095E+00
+70.2000E-06,-1.923E+00
+70.3000E-06,-1.985E+00
+70.4000E-06,-1.938E+00
+70.5000E-06,-2.001E+00
+70.6000E-06,-1.970E+00
+70.7000E-06,-2.001E+00
+70.8000E-06,-1.985E+00
+70.9000E-06,-2.001E+00
+71.0000E-06,-1.954E+00
+71.1000E-06,-2.016E+00
+71.2000E-06,-1.954E+00
+71.3000E-06,-2.016E+00
+71.4000E-06,-2.001E+00
+71.5000E-06,-1.954E+00
+71.6000E-06,-2.001E+00
+71.7000E-06,-1.970E+00
+71.8000E-06,-2.079E+00
+71.9000E-06,-2.016E+00
+72.0000E-06,-2.016E+00
+72.1000E-06,-1.985E+00
+72.2000E-06,-2.032E+00
+72.3000E-06,-2.032E+00
+72.4000E-06,-2.001E+00
+72.5000E-06,-2.001E+00
+72.6000E-06,-1.985E+00
+72.7000E-06,-2.016E+00
+72.8000E-06,-1.985E+00
+72.9000E-06,-2.016E+00
+73.0000E-06,-1.985E+00
+73.1000E-06,-2.032E+00
+73.2000E-06,-2.001E+00
+73.3000E-06,-1.954E+00
+73.4000E-06,-1.954E+00
+73.5000E-06,-2.001E+00
+73.6000E-06,-1.923E+00
+73.7000E-06,-1.985E+00
+73.8000E-06,-1.970E+00
+73.9000E-06,-2.032E+00
+74.0000E-06,-1.938E+00
+74.1000E-06,-1.970E+00
+74.2000E-06,-2.032E+00
+74.3000E-06,-1.954E+00
+74.4000E-06,-1.954E+00
+74.5000E-06,-1.970E+00
+74.6000E-06,-1.954E+00
+74.7000E-06,-1.938E+00
+74.8000E-06,-1.923E+00
+74.9000E-06,-1.954E+00
+75.0000E-06,-2.032E+00
+75.1000E-06,-1.970E+00
+75.2000E-06,-2.095E+00
+75.3000E-06,-1.954E+00
+75.4000E-06,-2.001E+00
+75.5000E-06,-1.985E+00
+75.6000E-06,-1.985E+00
+75.7000E-06,-1.985E+00
+75.8000E-06,-1.970E+00
+75.9000E-06,-1.970E+00
+76.0000E-06,-2.157E+00
+76.1000E-06,-1.970E+00
+76.2000E-06,-1.970E+00
+76.3000E-06,-2.032E+00
+76.4000E-06,-2.001E+00
+76.5000E-06,-2.032E+00
+76.6000E-06,-2.001E+00
+76.7000E-06,-2.016E+00
+76.8000E-06,-1.985E+00
+76.9000E-06,-2.048E+00
+77.0000E-06,-2.016E+00
+77.1000E-06,-1.938E+00
+77.2000E-06,-1.985E+00
+77.3000E-06,-2.001E+00
+77.4000E-06,-1.985E+00
+77.5000E-06,-1.985E+00
+77.6000E-06,-1.970E+00
+77.7000E-06,-1.954E+00
+77.8000E-06,-2.032E+00
+77.9000E-06,-2.016E+00
+78.0000E-06,-2.032E+00
+78.1000E-06,-2.016E+00
+78.2000E-06,-2.048E+00
+78.3000E-06,-1.985E+00
+78.4000E-06,-2.063E+00
+78.5000E-06,-1.876E+00
+78.6000E-06,-2.032E+00
+78.7000E-06,-1.985E+00
+78.8000E-06,-2.001E+00
+78.9000E-06,-2.016E+00
+79.0000E-06,-2.079E+00
+79.1000E-06,-1.985E+00
+79.2000E-06,-2.016E+00
+79.3000E-06,-1.954E+00
+79.4000E-06,-2.016E+00
+79.5000E-06,-1.985E+00
+79.6000E-06,-1.985E+00
+79.7000E-06,-1.907E+00
+79.8000E-06,-2.063E+00
+79.9000E-06,-1.970E+00
+80.0000E-06,-2.063E+00
+80.1000E-06,-1.970E+00
+80.2000E-06,-2.063E+00
+80.3000E-06,-1.985E+00
+80.4000E-06,-2.079E+00
+80.5000E-06,-2.016E+00
+80.6000E-06,-1.954E+00
+80.7000E-06,-2.032E+00
+80.8000E-06,-1.938E+00
+80.9000E-06,-2.016E+00
+81.0000E-06,-1.891E+00
+81.1000E-06,-2.016E+00
+81.2000E-06,-1.954E+00
+81.3000E-06,-2.001E+00
+81.4000E-06,-1.985E+00
+81.5000E-06,-2.079E+00
+81.6000E-06,-1.954E+00
+81.7000E-06,-2.001E+00
+81.8000E-06,-2.016E+00
+81.9000E-06,-1.985E+00
+82.0000E-06,-2.016E+00
+82.1000E-06,-1.985E+00
+82.2000E-06,-2.001E+00
+82.3000E-06,-2.001E+00
+82.4000E-06,-2.001E+00
+82.5000E-06,-2.032E+00
+82.6000E-06,-2.032E+00
+82.7000E-06,-2.001E+00
+82.8000E-06,-2.016E+00
+82.9000E-06,-1.985E+00
+83.0000E-06,-2.048E+00
+83.1000E-06,-2.063E+00
+83.2000E-06,-1.938E+00
+83.3000E-06,-2.016E+00
+83.4000E-06,-1.954E+00
+83.5000E-06,-2.032E+00
+83.6000E-06,-1.985E+00
+83.7000E-06,-2.016E+00
+83.8000E-06,-1.954E+00
+83.9000E-06,-2.001E+00
+84.0000E-06,-1.954E+00
+84.1000E-06,-2.016E+00
+84.2000E-06,-1.954E+00
+84.3000E-06,-1.954E+00
+84.4000E-06,-1.985E+00
+84.5000E-06,-2.079E+00
+84.6000E-06,-2.001E+00
+84.7000E-06,-1.938E+00
+84.8000E-06,-1.923E+00
+84.9000E-06,-1.985E+00
+85.0000E-06,-2.016E+00
+85.1000E-06,-2.032E+00
+85.2000E-06,-2.001E+00
+85.3000E-06,-2.016E+00
+85.4000E-06,-1.985E+00
+85.5000E-06,-2.001E+00
+85.6000E-06,-2.001E+00
+85.7000E-06,-2.032E+00
+85.8000E-06,-1.985E+00
+85.9000E-06,-2.001E+00
+86.0000E-06,-2.048E+00
+86.1000E-06,-1.970E+00
+86.2000E-06,-2.032E+00
+86.3000E-06,-1.970E+00
+86.4000E-06,-2.016E+00
+86.5000E-06,-2.016E+00
+86.6000E-06,-2.001E+00
+86.7000E-06,-1.970E+00
+86.8000E-06,-2.016E+00
+86.9000E-06,-2.016E+00
+87.0000E-06,-1.970E+00
+87.1000E-06,-2.001E+00
+87.2000E-06,-2.016E+00
+87.3000E-06,-1.970E+00
+87.4000E-06,-1.985E+00
+87.5000E-06,-1.970E+00
+87.6000E-06,-1.985E+00
+87.7000E-06,-2.063E+00
+87.8000E-06,-1.970E+00
+87.9000E-06,-1.985E+00
+88.0000E-06,-2.032E+00
+88.1000E-06,-2.032E+00
+88.2000E-06,-1.985E+00
+88.3000E-06,-1.970E+00
+88.4000E-06,-2.001E+00
+88.5000E-06,-2.032E+00
+88.6000E-06,-2.001E+00
+88.7000E-06,-1.985E+00
+88.8000E-06,-2.016E+00
+88.9000E-06,-2.016E+00
+89.0000E-06,-2.032E+00
+89.1000E-06,-2.016E+00
+89.2000E-06,-2.016E+00
+89.3000E-06,-2.032E+00
+89.4000E-06,-2.016E+00
+89.5000E-06,-1.985E+00
+89.6000E-06,-2.048E+00
+89.7000E-06,-2.048E+00
+89.8000E-06,-2.032E+00
+89.9000E-06,-2.001E+00
+90.0000E-06,-2.079E+00
+90.1000E-06,-1.970E+00
+90.2000E-06,-2.048E+00
+90.3000E-06,-1.985E+00
+90.4000E-06,-2.032E+00
+90.5000E-06,-1.985E+00
+90.6000E-06,-2.032E+00
+90.7000E-06,-2.016E+00
+90.8000E-06,-2.032E+00
+90.9000E-06,-1.985E+00
+91.0000E-06,-1.954E+00
+91.1000E-06,-2.016E+00
+91.2000E-06,-2.095E+00
+91.3000E-06,-1.985E+00
+91.4000E-06,-2.001E+00
+91.5000E-06,-1.923E+00
+91.6000E-06,-1.985E+00
+91.7000E-06,-2.016E+00
+91.8000E-06,-2.032E+00
+91.9000E-06,-1.970E+00
+92.0000E-06,-1.970E+00
+92.1000E-06,-1.985E+00
+92.2000E-06,-1.985E+00
+92.3000E-06,-2.001E+00
+92.4000E-06,-2.001E+00
+92.5000E-06,-2.016E+00
+92.6000E-06,-2.063E+00
+92.7000E-06,-1.954E+00
+92.8000E-06,-1.954E+00
+92.9000E-06,-2.001E+00
+93.0000E-06,-2.016E+00
+93.1000E-06,-1.985E+00
+93.2000E-06,-1.985E+00
+93.3000E-06,-2.032E+00
+93.4000E-06,-2.001E+00
+93.5000E-06,-2.016E+00
+93.6000E-06,-2.001E+00
+93.7000E-06,-1.970E+00
+93.8000E-06,-1.938E+00
+93.9000E-06,-1.985E+00
+94.0000E-06,-2.032E+00
+94.1000E-06,-2.063E+00
+94.2000E-06,-1.985E+00
+94.3000E-06,-2.001E+00
+94.4000E-06,-1.985E+00
+94.5000E-06,-2.032E+00
+94.6000E-06,-1.985E+00
+94.7000E-06,-2.126E+00
+94.8000E-06,-1.876E+00
+94.9000E-06,-2.079E+00
+95.0000E-06,-1.782E+00
+95.1000E-06,-2.204E+00
+95.2000E-06,-1.907E+00
+95.3000E-06,-2.157E+00
+95.4000E-06,-1.829E+00
+95.5000E-06,-2.204E+00
+95.6000E-06,-2.141E+00
+95.7000E-06,-2.188E+00
+95.8000E-06,-2.016E+00
+95.9000E-06,-1.845E+00
+96.0000E-06,-2.220E+00
+96.1000E-06,-1.813E+00
+96.2000E-06,-2.095E+00
+96.3000E-06,-2.079E+00
+96.4000E-06,-2.235E+00
+96.5000E-06,-1.813E+00
+96.6000E-06,-1.907E+00
+96.7000E-06,-1.798E+00
+96.8000E-06,-2.141E+00
+96.9000E-06,-2.095E+00
+97.0000E-06,-1.845E+00
+97.1000E-06,-1.938E+00
+97.2000E-06,-1.766E+00
+97.3000E-06,-2.141E+00
+97.4000E-06,-2.001E+00
+97.5000E-06,-2.063E+00
+97.6000E-06,-1.860E+00
+97.7000E-06,-1.938E+00
+97.8000E-06,-1.845E+00
+97.9000E-06,-2.001E+00
+98.0000E-06,-1.954E+00
+98.1000E-06,-2.095E+00
+98.2000E-06,-1.938E+00
+98.3000E-06,-2.032E+00
+98.4000E-06,-2.001E+00
+98.5000E-06,-1.954E+00
+98.6000E-06,-2.001E+00
+98.7000E-06,-2.032E+00
+98.8000E-06,-1.970E+00
+98.9000E-06,-2.032E+00
+99.0000E-06,-1.985E+00
+99.1000E-06,-2.016E+00
+99.2000E-06,-2.001E+00
+99.3000E-06,-2.016E+00
+99.4000E-06,-1.954E+00
+99.5000E-06,-1.938E+00
+99.6000E-06,-2.032E+00
+99.7000E-06,-2.016E+00
+99.8000E-06,-2.048E+00
+99.9000E-06,-1.954E+00
+100.0000E-06,-2.048E+00
+100.1000E-06,-2.016E+00
+100.2000E-06,-2.079E+00
+100.3000E-06,-1.985E+00
+100.4000E-06,-2.079E+00
+100.5000E-06,-1.954E+00
+100.6000E-06,-2.048E+00
+100.7000E-06,-2.016E+00
+100.8000E-06,-2.032E+00
+100.9000E-06,-2.063E+00
+101.0000E-06,-2.048E+00
+101.1000E-06,-2.016E+00
+101.2000E-06,-1.954E+00
+101.3000E-06,-1.938E+00
+101.4000E-06,-2.048E+00
+101.5000E-06,-2.001E+00
+101.6000E-06,-2.001E+00
+101.7000E-06,-2.345E+00
+101.8000E-06,-1.532E+00
+101.9000E-06,-1.923E+00
+102.0000E-06,-1.282E+00
+102.1000E-06,-2.126E+00
+102.2000E-06,-2.813E+00
+102.3000E-06,-1.470E+00
+102.4000E-06,-1.657E+00
+102.5000E-06,-2.954E+00
+102.6000E-06,-3.345E+00
+102.7000E-06,-766E-03
+102.8000E-06,-610E-03
+102.9000E-06,-2.626E+00
+103.0000E-06,-2.657E+00
+103.1000E-06,-751E-03
+103.2000E-06,-3.454E+00
+103.3000E-06,-2.048E+00
+103.4000E-06,-3.423E+00
+103.5000E-06,-1.126E+00
+103.6000E-06,-2.860E+00
+103.7000E-06,-1.063E+00
+103.8000E-06,-2.626E+00
+103.9000E-06,-1.485E+00
+104.0000E-06,-2.563E+00
+104.1000E-06,-1.407E+00
+104.2000E-06,-2.110E+00
+104.3000E-06,-2.095E+00
+104.4000E-06,-1.548E+00
+104.5000E-06,-2.548E+00
+104.6000E-06,-1.079E+00
+104.7000E-06,-3.188E+00
+104.8000E-06,-3.079E+00
+104.9000E-06,-813E-03
+105.0000E-06,-3.110E+00
+105.1000E-06,-3.673E+00
+105.2000E-06,-3.188E+00
+105.3000E-06,-3.501E+00
+105.4000E-06,-2.095E+00
+105.5000E-06,-2.376E+00
+105.6000E-06,-3.485E+00
+105.7000E-06,-1.329E+00
+105.8000E-06,-1.141E+00
+105.9000E-06,-657E-03
+106.0000E-06,-2.532E+00
+106.1000E-06,-2.704E+00
+106.2000E-06,-2.407E+00
+106.3000E-06,-1.032E+00
+106.4000E-06,-3.126E+00
+106.5000E-06,-985E-03
+106.6000E-06,-2.954E+00
+106.7000E-06,-1.251E+00
+106.8000E-06,-2.438E+00
+106.9000E-06,-1.532E+00
+107.0000E-06,-2.048E+00
+107.1000E-06,-2.407E+00
+107.2000E-06,-1.516E+00
+107.3000E-06,-2.563E+00
+107.4000E-06,-1.141E+00
+107.5000E-06,-2.766E+00
+107.6000E-06,-907E-03
+107.7000E-06,-2.110E+00
+107.8000E-06,-735E-03
+107.9000E-06,-3.235E+00
+108.0000E-06,-1.282E+00
+108.1000E-06,-1.485E+00
+108.2000E-06,-2.751E+00
+108.3000E-06,-657E-03
+108.4000E-06,-2.470E+00
+108.5000E-06,-688E-03
+108.6000E-06,-3.673E+00
+108.7000E-06,-282E-03
+108.8000E-06,-3.829E+00
+108.9000E-06,-673E-03
+109.0000E-06,-938E-03
+109.1000E-06,-954E-03
+109.2000E-06,-891E-03
+109.3000E-06,-3.735E+00
+109.4000E-06,-485E-03
+109.5000E-06,-1.891E+00
+109.6000E-06,-1.079E+00
+109.7000E-06,-3.610E+00
+109.8000E-06,-1.720E+00
+109.9000E-06,-3.516E+00
+110.0000E-06,-548E-03
+110.1000E-06,-3.407E+00
+110.2000E-06,-1.016E+00
+110.3000E-06,-3.266E+00
+110.4000E-06,-1.063E+00
+110.5000E-06,-1.720E+00
+110.6000E-06,-2.110E+00
+110.7000E-06,-2.485E+00
+110.8000E-06,-1.235E+00
+110.9000E-06,-1.876E+00
+111.0000E-06,-1.266E+00
+111.1000E-06,-1.251E+00
+111.2000E-06,-2.110E+00
+111.3000E-06,-1.923E+00
+111.4000E-06,-2.516E+00
+111.5000E-06,-2.204E+00
+111.6000E-06,-1.579E+00
+111.7000E-06,-2.141E+00
+111.8000E-06,-2.266E+00
+111.9000E-06,-2.063E+00
+112.0000E-06,-1.907E+00
+112.1000E-06,-1.860E+00
+112.2000E-06,-2.126E+00
+112.3000E-06,-2.048E+00
+112.4000E-06,-2.001E+00
+112.5000E-06,-1.938E+00
+112.6000E-06,-2.016E+00
+112.7000E-06,-1.876E+00
+112.8000E-06,-2.095E+00
+112.9000E-06,-1.891E+00
+113.0000E-06,-1.970E+00
+113.1000E-06,-1.891E+00
+113.2000E-06,-2.141E+00
+113.3000E-06,-1.876E+00
+113.4000E-06,-2.157E+00
+113.5000E-06,-1.798E+00
+113.6000E-06,-2.251E+00
+113.7000E-06,-1.829E+00
+113.8000E-06,-2.095E+00
+113.9000E-06,-1.798E+00
+114.0000E-06,-2.298E+00
+114.1000E-06,-1.673E+00
+114.2000E-06,-2.188E+00
+114.3000E-06,-1.860E+00
+114.4000E-06,-1.907E+00
+114.5000E-06,-1.798E+00
+114.6000E-06,-1.845E+00
+114.7000E-06,-1.970E+00
+114.8000E-06,-1.938E+00
+114.9000E-06,-2.204E+00
+115.0000E-06,-2.048E+00
+115.1000E-06,-2.048E+00
+115.2000E-06,-1.891E+00
+115.3000E-06,-2.141E+00
+115.4000E-06,-1.813E+00
+115.5000E-06,-2.126E+00
+115.6000E-06,-1.891E+00
+115.7000E-06,-2.032E+00
+115.8000E-06,-1.907E+00
+115.9000E-06,-1.985E+00
+116.0000E-06,-1.923E+00
+116.1000E-06,-1.954E+00
+116.2000E-06,-2.063E+00
+116.3000E-06,-1.907E+00
+116.4000E-06,-2.032E+00
+116.5000E-06,-2.079E+00
+116.6000E-06,-2.110E+00
+116.7000E-06,-1.923E+00
+116.8000E-06,-2.063E+00
+116.9000E-06,-1.907E+00
+117.0000E-06,-2.110E+00
+117.1000E-06,-1.860E+00
+117.2000E-06,-2.063E+00
+117.3000E-06,-1.970E+00
+117.4000E-06,-2.016E+00
+117.5000E-06,-1.970E+00
+117.6000E-06,-2.079E+00
+117.7000E-06,-1.938E+00
+117.8000E-06,-2.063E+00
+117.9000E-06,-1.970E+00
+118.0000E-06,-2.063E+00
+118.1000E-06,-2.001E+00
+118.2000E-06,-2.001E+00
+118.3000E-06,-1.938E+00
+118.4000E-06,-2.001E+00
+118.5000E-06,-1.970E+00
+118.6000E-06,-2.079E+00
+118.7000E-06,-2.001E+00
+118.8000E-06,-2.016E+00
+118.9000E-06,-2.016E+00
+119.0000E-06,-2.032E+00
+119.1000E-06,-1.970E+00
+119.2000E-06,-1.985E+00
+119.3000E-06,-2.016E+00
+119.4000E-06,-2.016E+00
+119.5000E-06,-1.923E+00
+119.6000E-06,-2.079E+00
+119.7000E-06,-1.970E+00
+119.8000E-06,-2.079E+00
+119.9000E-06,-1.923E+00
+120.0000E-06,-2.032E+00
+120.1000E-06,-1.970E+00
+120.2000E-06,-2.032E+00
+120.3000E-06,-2.001E+00
+120.4000E-06,-1.954E+00
+120.5000E-06,-1.985E+00
+120.6000E-06,-1.938E+00
+120.7000E-06,-1.985E+00
+120.8000E-06,-1.985E+00
+120.9000E-06,-2.048E+00
+121.0000E-06,-1.970E+00
+121.1000E-06,-2.032E+00
+121.2000E-06,-1.985E+00
+121.3000E-06,-2.001E+00
+121.4000E-06,-1.970E+00
+121.5000E-06,-1.985E+00
+121.6000E-06,-2.001E+00
+121.7000E-06,-2.016E+00
+121.8000E-06,-2.016E+00
+121.9000E-06,-2.016E+00
+122.0000E-06,-1.970E+00
+122.1000E-06,-2.001E+00
+122.2000E-06,-2.001E+00
+122.3000E-06,-2.016E+00
+122.4000E-06,-2.032E+00
+122.5000E-06,-2.001E+00
+122.6000E-06,-1.985E+00
+122.7000E-06,-2.001E+00
+122.8000E-06,-1.985E+00
+122.9000E-06,-2.032E+00
+123.0000E-06,-1.938E+00
+123.1000E-06,-1.985E+00
+123.2000E-06,-2.173E+00
+123.3000E-06,-2.001E+00
+123.4000E-06,-1.954E+00
+123.5000E-06,-1.907E+00
+123.6000E-06,-1.970E+00
+123.7000E-06,-2.095E+00
+123.8000E-06,-2.001E+00
+123.9000E-06,-1.923E+00
+124.0000E-06,-1.985E+00
+124.1000E-06,-1.954E+00
+124.2000E-06,-2.079E+00
+124.3000E-06,-1.923E+00
+124.4000E-06,-2.110E+00
+124.5000E-06,-2.001E+00
+124.6000E-06,-2.110E+00
+124.7000E-06,-2.032E+00
+124.8000E-06,-2.048E+00
+124.9000E-06,-1.954E+00
+125.0000E-06,-2.001E+00
+125.1000E-06,-1.938E+00
+125.2000E-06,-1.985E+00
+125.3000E-06,-2.063E+00
+125.4000E-06,-1.985E+00
+125.5000E-06,-2.032E+00
+125.6000E-06,-2.001E+00
+125.7000E-06,-2.048E+00
+125.8000E-06,-1.954E+00
+125.9000E-06,-2.048E+00
+126.0000E-06,-1.954E+00
+126.1000E-06,-2.001E+00
+126.2000E-06,-2.001E+00
+126.3000E-06,-2.016E+00
+126.4000E-06,-1.938E+00
+126.5000E-06,-2.095E+00
+126.6000E-06,-2.032E+00
+126.7000E-06,-1.970E+00
+126.8000E-06,-1.985E+00
+126.9000E-06,-2.048E+00
+127.0000E-06,-1.954E+00
+127.1000E-06,-2.032E+00
+127.2000E-06,-2.032E+00
+127.3000E-06,-2.001E+00
+127.4000E-06,-2.032E+00
+127.5000E-06,-1.970E+00
+127.6000E-06,-2.001E+00
+127.7000E-06,-2.001E+00
+127.8000E-06,-1.938E+00
+127.9000E-06,-2.016E+00
+128.0000E-06,-1.954E+00
+128.1000E-06,-2.126E+00
+128.2000E-06,-2.001E+00
+128.3000E-06,-2.048E+00
+128.4000E-06,-1.938E+00
+128.5000E-06,-2.141E+00
+128.6000E-06,-1.907E+00
+128.7000E-06,-2.095E+00
+128.8000E-06,-1.907E+00
+128.9000E-06,-2.095E+00
+129.0000E-06,-1.938E+00
+129.1000E-06,-2.048E+00
+129.2000E-06,-1.891E+00
+129.3000E-06,-2.016E+00
+129.4000E-06,-1.938E+00
+129.5000E-06,-2.048E+00
+129.6000E-06,-1.985E+00
+129.7000E-06,-2.032E+00
+129.8000E-06,-2.032E+00
+129.9000E-06,-1.938E+00
+130.0000E-06,-2.032E+00
+130.1000E-06,-2.001E+00
+130.2000E-06,-1.970E+00
+130.3000E-06,-1.985E+00
+130.4000E-06,-1.954E+00
+130.5000E-06,-1.985E+00
+130.6000E-06,-1.954E+00
+130.7000E-06,-2.001E+00
+130.8000E-06,-1.985E+00
+130.9000E-06,-2.032E+00
+131.0000E-06,-1.985E+00
+131.1000E-06,-2.048E+00
+131.2000E-06,-2.001E+00
+131.3000E-06,-2.016E+00
+131.4000E-06,-2.032E+00
+131.5000E-06,-1.954E+00
+131.6000E-06,-1.970E+00
+131.7000E-06,-2.032E+00
+131.8000E-06,-2.032E+00
+131.9000E-06,-1.985E+00
+132.0000E-06,-2.001E+00
+132.1000E-06,-2.001E+00
+132.2000E-06,-2.001E+00
+132.3000E-06,-2.048E+00
+132.4000E-06,-1.970E+00
+132.5000E-06,-1.985E+00
+132.6000E-06,-1.954E+00
+132.7000E-06,-2.016E+00
+132.8000E-06,-1.954E+00
+132.9000E-06,-1.985E+00
+133.0000E-06,-2.001E+00
+133.1000E-06,-2.032E+00
+133.2000E-06,-1.970E+00
+133.3000E-06,-2.001E+00
+133.4000E-06,-1.970E+00
+133.5000E-06,-2.048E+00
+133.6000E-06,-2.016E+00
+133.7000E-06,-2.016E+00
+133.8000E-06,-2.048E+00
+133.9000E-06,-1.954E+00
+134.0000E-06,-2.079E+00
+134.1000E-06,-1.970E+00
+134.2000E-06,-2.079E+00
+134.3000E-06,-1.923E+00
+134.4000E-06,-2.048E+00
+134.5000E-06,-1.907E+00
+134.6000E-06,-2.079E+00
+134.7000E-06,-2.016E+00
+134.8000E-06,-2.048E+00
+134.9000E-06,-2.016E+00
+135.0000E-06,-1.985E+00
+135.1000E-06,-2.032E+00
+135.2000E-06,-1.923E+00
+135.3000E-06,-2.063E+00
+135.4000E-06,-1.891E+00
+135.5000E-06,-2.173E+00
+135.6000E-06,-1.970E+00
+135.7000E-06,-2.063E+00
+135.8000E-06,-1.954E+00
+135.9000E-06,-1.970E+00
+136.0000E-06,-1.985E+00
+136.1000E-06,-2.063E+00
+136.2000E-06,-1.923E+00
+136.3000E-06,-2.016E+00
+136.4000E-06,-2.016E+00
+136.5000E-06,-1.985E+00
+136.6000E-06,-2.001E+00
+136.7000E-06,-1.954E+00
+136.8000E-06,-2.048E+00
+136.9000E-06,-1.970E+00
+137.0000E-06,-2.001E+00
+137.1000E-06,-2.001E+00
+137.2000E-06,-2.016E+00
+137.3000E-06,-2.001E+00
+137.4000E-06,-2.001E+00
+137.5000E-06,-1.938E+00
+137.6000E-06,-1.985E+00
+137.7000E-06,-2.001E+00
+137.8000E-06,-1.970E+00
+137.9000E-06,-1.985E+00
+138.0000E-06,-1.970E+00
+138.1000E-06,-2.001E+00
+138.2000E-06,-2.001E+00
+138.3000E-06,-2.001E+00
+138.4000E-06,-1.985E+00
+138.5000E-06,-1.985E+00
+138.6000E-06,-1.985E+00
+138.7000E-06,-1.985E+00
+138.8000E-06,-1.985E+00
+138.9000E-06,-1.985E+00
+139.0000E-06,-1.938E+00
+139.1000E-06,-2.016E+00
+139.2000E-06,-1.985E+00
+139.3000E-06,-2.048E+00
+139.4000E-06,-1.985E+00
+139.5000E-06,-2.032E+00
+139.6000E-06,-2.001E+00
+139.7000E-06,-1.954E+00
+139.8000E-06,-2.032E+00
+139.9000E-06,-1.985E+00
+140.0000E-06,-2.001E+00
+140.1000E-06,-1.970E+00
+140.2000E-06,-1.985E+00
+140.3000E-06,-2.001E+00
+140.4000E-06,-2.001E+00
+140.5000E-06,-2.016E+00
+140.6000E-06,-2.016E+00
+140.7000E-06,-2.001E+00
+140.8000E-06,-1.985E+00
+140.9000E-06,-1.954E+00
+141.0000E-06,-2.001E+00
+141.1000E-06,-2.016E+00
+141.2000E-06,-1.985E+00
+141.3000E-06,-2.001E+00
+141.4000E-06,-2.001E+00
+141.5000E-06,-2.001E+00
+141.6000E-06,-2.001E+00
+141.7000E-06,-2.001E+00
+141.8000E-06,-2.001E+00
+141.9000E-06,-2.001E+00
+142.0000E-06,-2.048E+00
+142.1000E-06,-2.016E+00
+142.2000E-06,-2.016E+00
+142.3000E-06,-1.985E+00
+142.4000E-06,-1.985E+00
+142.5000E-06,-1.985E+00
+142.6000E-06,-2.048E+00
+142.7000E-06,-2.001E+00
+142.8000E-06,-1.970E+00
+142.9000E-06,-1.985E+00
+143.0000E-06,-1.970E+00
+143.1000E-06,-2.001E+00
+143.2000E-06,-2.001E+00
+143.3000E-06,-2.048E+00
+143.4000E-06,-1.970E+00
+143.5000E-06,-2.016E+00
+143.6000E-06,-1.970E+00
+143.7000E-06,-2.016E+00
+143.8000E-06,-2.001E+00
+143.9000E-06,-2.001E+00
+144.0000E-06,-1.985E+00
+144.1000E-06,-1.970E+00
+144.2000E-06,-2.001E+00
+144.3000E-06,-2.001E+00
